dataset,model,file_index,budget_ratio,budget_size,strategy,precision,diversity,selected_failed,selected_count,total_failed,total_diversity,recall_optional,diversity_recall_optional,combined_f1_optional
mnist,blstm,0,0.1,600,temporalrnn,0.805,87,483,600,2164,89,0.2231977818853974,0.9775280898876404,0.8829146837278199
mnist,blstm,0,0.2,1200,temporalrnn,0.7558333333333334,88,907,1200,2164,89,0.41913123844731975,0.9887640449438202,0.8567487642427397
mnist,blstm,1,0.1,600,temporalrnn,0.8266666666666667,87,496,600,2170,89,0.22857142857142856,0.9775280898876404,0.8957900855268621
mnist,blstm,1,0.2,1200,temporalrnn,0.78,88,936,1200,2170,89,0.4313364055299539,0.9887640449438202,0.8720619997459027
mnist,blstm,2,0.1,600,temporalrnn,0.825,87,495,600,2122,90,0.23327049952874646,0.9666666666666667,0.890232558139535
mnist,blstm,2,0.2,1200,temporalrnn,0.7583333333333333,90,910,1200,2122,90,0.4288407163053723,1.0,0.8625592417061612
mnist,blstm,3,0.1,600,temporalrnn,0.805,86,483,600,2122,89,0.22761545711592837,0.9662921348314607,0.8783025151447874
mnist,blstm,3,0.2,1200,temporalrnn,0.765,89,918,1200,2122,89,0.43261074458058435,1.0,0.8668555240793201
mnist,blstm,4,0.1,600,temporalrnn,0.78,87,468,600,2152,89,0.2174721189591078,0.9775280898876404,0.8676639815880322
mnist,blstm,4,0.2,1200,temporalrnn,0.765,89,918,1200,2152,89,0.42657992565055763,1.0,0.8668555240793201
mnist,blstm,5,0.1,600,temporalrnn,0.8066666666666666,86,484,600,2142,90,0.22595704948646125,0.9555555555555556,0.8748213535098781
mnist,blstm,5,0.2,1200,temporalrnn,0.7708333333333334,90,925,1200,2142,90,0.43183940242763774,1.0,0.8705882352941177
mnist,blstm,6,0.1,600,temporalrnn,0.7883333333333333,89,473,600,2143,90,0.22071861875874943,0.9888888888888889,0.8772949880170887
mnist,blstm,6,0.2,1200,temporalrnn,0.7633333333333333,90,916,1200,2143,90,0.42743817078861407,1.0,0.8657844990548205
mnist,blstm,7,0.1,600,temporalrnn,0.81,87,486,600,2142,89,0.226890756302521,0.9775280898876404,0.8859136337921931
mnist,blstm,7,0.2,1200,temporalrnn,0.7716666666666666,88,926,1200,2142,89,0.4323062558356676,0.9887640449438202,0.8668290659206228
mnist,blstm,8,0.1,600,temporalrnn,0.8266666666666667,88,496,600,2196,90,0.22586520947176686,0.9777777777777777,0.8958949096880131
mnist,blstm,8,0.2,1200,temporalrnn,0.8025,90,963,1200,2196,90,0.4385245901639344,1.0,0.8904299583911235
mnist,blstm,9,0.1,600,temporalrnn,0.795,89,477,600,2127,90,0.22425952045133993,0.9888888888888889,0.8814076611647463
mnist,blstm,9,0.2,1200,temporalrnn,0.7475,90,897,1200,2127,90,0.4217207334273625,1.0,0.8555078683834049
mnist,blstm,10,0.1,600,temporalrnn,0.8016666666666666,85,481,600,2115,88,0.22742316784869976,0.9659090909090909,0.8761572089833705
mnist,blstm,10,0.2,1200,temporalrnn,0.7541666666666667,88,905,1200,2115,88,0.42789598108747046,1.0,0.8598574821852731
mnist,blstm,11,0.1,600,temporalrnn,0.8083333333333333,87,485,600,2135,90,0.22716627634660422,0.9666666666666667,0.8804381846635368
mnist,blstm,11,0.2,1200,temporalrnn,0.77,89,924,1200,2135,90,0.43278688524590164,0.9888888888888889,0.8658243840808592
mnist,blstm,12,0.1,600,temporalrnn,0.8266666666666667,88,496,600,2142,90,0.2315592903828198,0.9777777777777777,0.8958949096880131
mnist,blstm,12,0.2,1200,temporalrnn,0.77,90,924,1200,2142,90,0.43137254901960786,1.0,0.8700564971751412
mnist,blstm,13,0.1,600,temporalrnn,0.7983333333333333,87,479,600,2148,89,0.22299813780260708,0.9775280898876404,0.8788898145121321
mnist,blstm,13,0.2,1200,temporalrnn,0.7658333333333334,89,919,1200,2148,89,0.4278398510242086,1.0,0.8673902784332232
mnist,blstm,14,0.1,600,temporalrnn,0.8116666666666666,87,487,600,2136,88,0.22799625468164794,0.9886363636363636,0.8914534590136342
mnist,blstm,14,0.2,1200,temporalrnn,0.7641666666666667,88,917,1200,2136,88,0.42930711610486894,1.0,0.8663202645252716
mnist,blstm,15,0.1,600,temporalrnn,0.8116666666666666,87,487,600,2174,89,0.22401103955841767,0.9775280898876404,0.8869095590467119
mnist,blstm,15,0.2,1200,temporalrnn,0.7816666666666666,89,938,1200,2174,89,0.43146274149034036,1.0,0.8774555659494854
mnist,blstm,16,0.1,600,temporalrnn,0.8316666666666667,87,499,600,2176,90,0.22931985294117646,0.9666666666666667,0.8940994748223664
mnist,blstm,16,0.2,1200,temporalrnn,0.7808333333333334,90,937,1200,2176,90,0.4306066176470588,1.0,0.8769302760879739
mnist,blstm,17,0.1,600,temporalrnn,0.795,88,477,600,2122,89,0.22478793590951932,0.9887640449438202,0.8813580674624422
mnist,blstm,17,0.2,1200,temporalrnn,0.77,89,924,1200,2122,89,0.4354382657869934,1.0,0.8700564971751412
mnist,blstm,18,0.1,600,temporalrnn,0.8116666666666666,87,487,600,2153,88,0.22619600557361821,0.9886363636363636,0.8914534590136342
mnist,blstm,18,0.2,1200,temporalrnn,0.7691666666666667,88,923,1200,2153,88,0.42870413376683697,1.0,0.8695242581252944
mnist,blstm,19,0.1,600,temporalrnn,0.83,87,498,600,2217,90,0.22462787550744248,0.9666666666666667,0.8931354359925788
mnist,blstm,19,0.2,1200,temporalrnn,0.7858333333333334,90,943,1200,2217,90,0.42534957149300856,1.0,0.8800746616892208
mnist,blstm,20,0.1,600,temporalrnn,0.8283333333333334,88,497,600,2138,90,0.23246024321796072,0.9777777777777777,0.8968727571003794
mnist,blstm,20,0.2,1200,temporalrnn,0.7766666666666666,90,932,1200,2138,90,0.43592142188961647,1.0,0.874296435272045
mnist,blstm,21,0.1,600,temporalrnn,0.8116666666666666,88,487,600,2179,89,0.22349701698026617,0.9887640449438202,0.8915053618048115
mnist,blstm,21,0.2,1200,temporalrnn,0.7675,89,921,1200,2179,89,0.4226709499770537,1.0,0.8684582743988684
mnist,blstm,22,0.1,600,temporalrnn,0.7983333333333333,87,479,600,2172,90,0.22053406998158379,0.9666666666666667,0.8744727730563424
mnist,blstm,22,0.2,1200,temporalrnn,0.77,90,924,1200,2172,90,0.425414364640884,1.0,0.8700564971751412
mnist,blstm,23,0.1,600,temporalrnn,0.8233333333333334,87,494,600,2151,90,0.2296606229660623,0.9666666666666667,0.8892613283674736
mnist,blstm,23,0.2,1200,temporalrnn,0.7791666666666667,89,935,1200,2151,90,0.43468154346815435,0.9888888888888889,0.8715894213144801
mnist,blstm,24,0.1,600,temporalrnn,0.8383333333333334,88,503,600,2187,90,0.22999542752629173,0.9777777777777777,0.9027021515244212
mnist,blstm,24,0.2,1200,temporalrnn,0.7883333333333333,90,946,1200,2187,90,0.4325560128029264,1.0,0.8816402609506058
mnist,blstm,25,0.1,600,temporalrnn,0.79,86,474,600,2142,88,0.22128851540616246,0.9772727272727273,0.8737139917695473
mnist,blstm,25,0.2,1200,temporalrnn,0.7591666666666667,88,911,1200,2142,88,0.4253034547152194,1.0,0.8630980577925154
mnist,blstm,26,0.1,600,temporalrnn,0.8133333333333334,87,488,600,2154,88,0.2265552460538533,0.9886363636363636,0.8924577482552762
mnist,blstm,26,0.2,1200,temporalrnn,0.7708333333333334,88,925,1200,2154,88,0.42943361188486534,1.0,0.8705882352941177
mnist,blstm,27,0.1,600,temporalrnn,0.8216666666666667,88,493,600,2181,89,0.2260430994956442,0.9887640449438202,0.8975040599108371
mnist,blstm,27,0.2,1200,temporalrnn,0.7916666666666666,89,950,1200,2181,89,0.4355800091701055,1.0,0.8837209302325582
mnist,blstm,28,0.1,600,temporalrnn,0.795,88,477,600,2143,89,0.2225851609892674,0.9887640449438202,0.8813580674624422
mnist,blstm,28,0.2,1200,temporalrnn,0.7616666666666667,89,914,1200,2143,89,0.4265048996733551,1.0,0.8647114474929045
mnist,blstm,29,0.1,600,temporalrnn,0.8166666666666667,87,490,600,2162,89,0.22664199814986125,0.9775280898876404,0.8898862331698152
mnist,blstm,29,0.2,1200,temporalrnn,0.7766666666666666,88,932,1200,2162,89,0.43108233117483813,0.9887640449438202,0.8699747544391878

